PassengerId,Age,Fare,Parch,SibSp,female,male,Pclass1,Pclass1,Pclass3,Embarked_C,Embarked_Q,Embarked_S,Survived
1,-0.584222939116,-0.503255137144,0,1,0,1,0,0,1,0,0,1,0
2,0.628018518832,0.734765273319,0,1,1,0,1,0,0,1,0,0,1
3,-0.281162574629,-0.490204680943,0,0,1,0,0,0,1,0,0,1,1
4,0.400723245467,0.383209184072,0,1,1,0,1,0,0,0,0,1,1
5,0.400723245467,-0.487787929794,0,0,0,1,0,0,1,0,0,1,0
6,-0.129632392386,-0.479893853843,0,0,0,1,0,0,1,0,1,0,0
7,1.84025997678,0.359283347704,0,0,0,1,1,0,0,0,0,1,0
8,-2.09952476155,-0.235962460136,1,3,0,1,0,0,1,0,0,1,0
9,-0.205397483507,-0.428175379269,2,0,1,0,0,0,1,0,0,1,1
10,-1.19034366809,-0.062037580293,0,1,1,0,0,1,0,1,0,0,1
11,-1.94799457931,-0.320548750328,1,1,1,0,0,0,1,0,0,1,1
12,2.14332034127,-0.130108759838,0,0,1,0,1,0,0,0,0,1,1
13,-0.73575312136,-0.487787929794,0,0,0,1,0,0,1,0,0,1,0
14,0.703783609954,-0.0387555664302,5,1,0,1,0,0,1,0,0,1,0
15,-1.19034366809,-0.491573528793,0,0,1,0,0,0,1,0,0,1,0
16,1.9160250679,-0.334082556759,0,0,1,0,0,1,0,0,0,1,1
17,-2.09952476155,-0.0803236861819,1,4,0,1,0,0,1,0,1,0,0
18,0.249193063223,-0.392084584319,0,0,0,1,0,1,0,0,0,1,1
19,0.0976628809798,-0.295414538385,0,1,1,0,0,0,1,0,0,1,0
20,-0.281162574629,-0.503738487373,0,0,1,0,0,0,1,1,0,0,1
21,0.400723245467,-0.140742464891,0,0,0,1,0,1,0,0,0,1,0
22,0.324958154345,-0.392084584319,0,0,0,1,0,1,0,0,0,1,1
23,-1.11457857697,-0.488190077185,0,0,1,0,0,0,1,0,1,0,1
24,-0.129632392386,0.0429306223841,0,0,0,1,1,0,0,0,0,1,1
25,-1.64493421482,-0.235962460136,1,3,1,0,0,0,1,0,0,1,0
26,0.628018518832,-0.0365804903967,5,1,1,0,0,0,1,0,0,1,1
27,-0.129632392386,-0.503738487373,0,0,0,1,0,0,1,1,0,0,0
28,-0.811518212482,4.44141771239,2,3,0,1,1,0,0,0,0,1,0
29,-0.281162574629,-0.491090178563,0,0,1,0,0,0,1,0,1,0,1
30,-0.129632392386,-0.490769234011,0,0,0,1,0,0,1,0,0,1,0
31,0.779548701076,-0.107472501882,0,0,0,1,1,0,0,1,0,0,0
32,0.628018518832,2.18940778951,0,1,1,0,1,0,0,1,0,0,1
33,-0.281162574629,-0.49358813255,0,0,1,0,0,0,1,0,1,0,1
34,2.74944107024,-0.440419607287,0,0,0,1,0,1,0,0,0,1,0
35,-0.129632392386,0.945264298341,0,1,0,1,1,0,0,1,0,0,0
36,0.93107888332,0.361941773967,0,1,0,1,1,0,0,0,0,1,0
37,-0.129632392386,-0.503657284535,0,0,0,1,0,0,1,1,0,0,1
38,-0.659988030238,-0.487787929794,0,0,0,1,0,0,1,0,0,1,0
39,-0.887283303604,-0.295414538385,0,2,1,0,0,0,1,0,0,1,0
40,-1.19034366809,-0.426079572673,0,1,1,0,0,0,1,1,0,0,1
41,0.779548701076,-0.460236966703,0,1,1,0,0,0,1,0,0,1,0
42,-0.205397483507,-0.237412510825,0,1,1,0,0,1,0,0,0,1,0
43,-0.129632392386,-0.490769234011,0,0,0,1,0,0,1,1,0,0,0
44,-2.02375967043,0.160465931033,2,1,1,0,0,1,0,1,0,0,1
45,-0.811518212482,-0.491090178563,0,0,1,0,0,0,1,0,1,0,1
46,-0.129632392386,-0.487787929794,0,0,0,1,0,0,1,0,0,1,0
47,-0.129632392386,-0.343749561352,0,1,0,1,0,0,1,0,1,0,0
48,-0.281162574629,-0.49358813255,0,0,1,0,0,0,1,0,1,0,1
49,-0.129632392386,-0.224280851785,0,2,0,1,0,0,1,1,0,0,0
50,-0.887283303604,-0.299281340223,0,1,1,0,0,0,1,0,0,1,0
51,-1.72069930594,0.123891785854,1,4,0,1,0,0,1,0,0,1,0
52,-0.659988030238,-0.492621432091,0,0,0,1,0,0,1,0,0,1,0
53,1.46143452117,0.84005635395,0,1,1,0,1,0,0,1,0,0,1
54,-0.0538673012638,-0.140742464891,0,1,1,0,0,1,0,0,0,1,1
55,2.67367597912,0.554879718444,1,0,0,1,1,0,0,1,0,0,0
56,0.93107888332,0.0429306223841,0,0,0,1,1,0,0,0,0,1,1
57,-0.659988030238,-0.440419607287,0,0,1,0,0,1,0,0,0,1,1
58,-0.0917498468247,-0.503657284535,0,0,0,1,0,0,1,1,0,0,0
59,-1.87222948819,-0.106907948814,2,1,1,0,0,1,0,0,0,1,1
60,-1.41763894146,0.263338327114,2,5,0,1,0,0,1,0,0,1,0
61,-0.584222939116,-0.503657284535,0,0,0,1,0,0,1,1,0,0,0
62,0.628018518832,0.903294031198,0,0,1,0,1,0,0,0,0,1,1
63,1.15837415668,0.970479713122,0,1,0,1,1,0,0,0,0,1,0
64,-1.94799457931,-0.104007847436,2,3,0,1,0,0,1,0,0,1,0
65,0.93107888332,-0.107472501882,0,0,0,1,1,0,0,1,0,0,0
66,-1.79646439707,-0.348664266488,1,1,0,1,0,0,1,1,0,0,1
67,-0.0538673012638,-0.440419607287,0,0,1,0,0,1,0,0,0,1,1
68,-0.811518212482,-0.485694056599,0,0,0,1,0,0,1,0,0,1,0
69,-0.963048394725,-0.490204680943,2,4,1,0,0,0,1,0,0,1,1
70,-0.281162574629,-0.475945849167,0,2,0,1,0,0,1,0,0,1,0
71,0.173427972102,-0.440419607287,0,0,0,1,0,1,0,0,0,1,0
72,-1.03881348585,0.263338327114,2,5,1,0,0,0,1,0,0,1,0
73,-0.659988030238,0.777622971484,0,0,0,1,0,1,0,0,0,1,0
74,-0.281162574629,-0.36396906816,0,1,0,1,0,0,1,1,0,0,0
75,0.173427972102,0.448863612469,0,0,0,1,0,0,1,0,0,1,1
76,-0.356927665751,-0.495521533469,0,0,0,1,0,0,1,0,0,1,0
77,-0.129632392386,-0.490769234011,0,0,0,1,0,0,1,0,0,1,0
78,-0.129632392386,-0.487787929794,0,0,0,1,0,0,1,0,0,1,0
79,-2.18816991816,-0.0827404373303,2,0,0,1,0,1,0,0,0,1,1
80,0.021897789858,-0.402234939143,0,0,1,0,0,0,1,0,0,1,1
81,-0.584222939116,-0.469420621067,0,0,0,1,0,0,1,0,0,1,0
82,-0.0538673012638,-0.459753616473,0,0,0,1,0,0,1,0,0,1,1
83,-0.281162574629,-0.492863107206,0,0,1,0,0,0,1,0,1,0,1
84,-0.129632392386,0.267205128951,0,0,0,1,1,0,0,0,0,1,0
85,-0.963048394725,-0.440419607287,0,0,1,0,0,1,0,0,0,1,1
86,0.249193063223,-0.336982658137,0,3,1,0,0,0,1,0,0,1,1
87,-1.03881348585,0.0211798620489,3,1,0,1,0,0,1,0,0,1,0
88,-0.129632392386,-0.487787929794,0,0,0,1,0,0,1,0,0,1,0
89,-0.508457847995,4.44141771239,2,3,1,0,1,0,0,0,0,1,1
90,-0.432692756873,-0.487787929794,0,0,0,1,0,0,1,0,0,1,0
91,-0.0538673012638,-0.487787929794,0,0,0,1,0,0,1,0,0,1,0
92,-0.73575312136,-0.491573528793,0,0,0,1,0,0,1,0,0,1,0
93,1.23413924781,0.539331308256,0,1,0,1,1,0,0,0,0,1,0
94,-0.281162574629,-0.245629464729,2,1,0,1,0,0,1,0,0,1,0
95,2.21908543239,-0.503255137144,0,0,0,1,0,0,1,0,0,1,0
96,-0.129632392386,-0.487787929794,0,0,0,1,0,0,1,0,0,1,0
97,3.12826652585,0.0265779174139,0,0,0,1,1,0,0,1,0,0,0
98,-0.508457847995,0.581543250513,1,0,0,1,1,0,0,1,0,0,1
99,0.324958154345,-0.198744492451,1,0,1,0,0,1,0,0,0,1,1
100,0.324958154345,-0.140742464891,0,1,0,1,0,1,0,0,0,1,0
101,-0.129632392386,-0.490769234011,0,0,1,0,0,0,1,0,0,1,0
102,-0.129632392386,-0.490769234011,0,0,0,1,0,0,1,0,0,1,0
103,-0.659988030238,0.850850531279,1,0,0,1,1,0,0,0,0,1,0
104,0.249193063223,-0.476106321444,0,0,0,1,0,0,1,0,0,1,0
105,0.552253427711,-0.490204680943,0,2,0,1,0,0,1,0,0,1,0
106,-0.129632392386,-0.490769234011,0,0,0,1,0,0,1,0,0,1,0
107,-0.659988030238,-0.495521533469,0,0,1,0,0,0,1,0,0,1,1
108,-0.129632392386,-0.493104782321,0,0,0,1,0,0,1,0,0,1,1
109,0.628018518832,-0.490769234011,0,0,0,1,0,0,1,0,0,1,0
110,-0.281162574629,-0.176510381886,0,1,1,0,0,0,1,0,1,0,1
111,1.30990433893,0.361941773967,0,0,0,1,1,0,0,0,0,1,0
112,-1.15246112253,-0.36396906816,0,1,1,0,0,0,1,1,0,0,0
113,-0.584222939116,-0.487787929794,0,0,0,1,0,0,1,0,0,1,0
114,-0.73575312136,-0.453470063488,0,1,1,0,0,0,1,0,0,1,0
115,-0.963048394725,-0.363889798722,0,0,1,0,0,0,1,1,0,0,0
116,-0.659988030238,-0.490204680943,0,0,0,1,0,0,1,0,0,1,0
117,3.09038398029,-0.49358813255,0,0,0,1,0,0,1,0,1,0,0
118,-0.0538673012638,-0.237412510825,0,1,0,1,0,1,0,0,0,1,0
119,-0.432692756873,4.14214271738,1,0,0,1,1,0,0,1,0,0,0
120,-2.09952476155,-0.0387555664302,2,4,1,0,0,0,1,0,0,1,0
121,-0.659988030238,0.777622971484,0,2,0,1,0,1,0,0,0,1,0
122,-0.129632392386,-0.487787929794,0,0,0,1,0,0,1,0,0,1,0
123,0.211310517662,-0.062037580293,0,1,0,1,0,1,0,1,0,0,0
124,0.211310517662,-0.392084584319,0,0,1,0,0,1,0,0,0,1,1
125,1.84025997678,0.850850531279,1,0,0,1,1,0,0,0,0,1,0
126,-1.34187385033,-0.426079572673,0,1,0,1,0,0,1,1,0,0,1
127,-0.129632392386,-0.49358813255,0,0,0,1,0,0,1,0,1,0,0
128,-0.432692756873,-0.505349010339,0,0,0,1,0,0,1,0,0,1,1
129,-0.281162574629,-0.211151126146,1,1,1,0,0,0,1,1,0,0,1
130,1.15837415668,-0.50857198967,0,0,0,1,0,0,1,0,0,1,0
131,0.249193063223,-0.490769234011,0,0,0,1,0,0,1,1,0,0,0
132,-0.73575312136,-0.507121938981,0,0,0,1,0,0,1,0,0,1,0
133,1.30990433893,-0.363083570539,0,1,1,0,0,0,1,0,0,1,0
134,-0.0538673012638,-0.140742464891,0,1,1,0,0,1,0,0,0,1,1
135,-0.356927665751,-0.392084584319,0,0,0,1,0,1,0,0,0,1,0
136,-0.508457847995,-0.352531068325,0,0,0,1,0,1,0,1,0,0,0
137,-0.811518212482,-0.135265140088,2,0,1,0,1,0,0,0,0,1,1
138,0.552253427711,0.383209184072,0,1,0,1,1,0,0,0,0,1,0
139,-1.03881348585,-0.465230941276,0,0,0,1,0,0,1,0,0,1,0
140,-0.432692756873,0.887826823848,0,0,0,1,1,0,0,1,0,0,0
141,-0.281162574629,-0.348664266488,2,0,1,0,0,0,1,1,0,0,0
142,-0.584222939116,-0.49358813255,0,0,1,0,0,0,1,0,0,1,1
143,-0.432692756873,-0.336982658137,0,1,1,0,0,0,1,0,0,1,1
144,-0.811518212482,-0.512922141737,0,0,0,1,0,0,1,0,1,0,0
145,-0.887283303604,-0.4210855981,0,0,0,1,0,1,0,0,0,1,0
146,-0.811518212482,0.0670981338676,1,1,0,1,0,1,0,0,0,1,0
147,-0.205397483507,-0.49270263493,0,0,0,1,0,0,1,0,0,1,1
148,-1.5691691237,0.0211798620489,2,2,1,0,0,0,1,0,0,1,0
149,0.51437088215,-0.140742464891,2,0,0,1,0,1,0,0,0,1,0
150,0.93107888332,-0.392084584319,0,0,0,1,0,1,0,0,0,1,0
151,1.61296470342,-0.401268238683,0,0,0,1,0,1,0,0,0,1,0
152,-0.584222939116,0.644218308094,0,1,1,0,1,0,0,0,0,1,1
153,1.95390761346,-0.487787929794,0,0,0,1,0,0,1,0,0,1,0
154,0.817431246637,-0.363083570539,2,0,0,1,0,0,1,0,0,1,0
155,-0.129632392386,-0.50204676157,0,0,0,1,0,0,1,0,0,1,0
156,1.61296470342,0.543279312932,1,0,0,1,1,0,0,1,0,0,0
157,-1.03881348585,-0.493911010504,0,0,1,0,0,0,1,0,1,0,1
158,0.021897789858,-0.487787929794,0,0,0,1,0,0,1,0,0,1,0
159,-0.129632392386,-0.475945849167,0,0,0,1,0,0,1,0,0,1,0
160,-1.79646439707,0.701253635196,2,8,0,1,0,0,1,0,0,1,0
161,1.08260906556,-0.33214915584,1,0,0,1,0,0,1,0,0,1,0
162,0.779548701076,-0.338916059056,0,0,1,0,0,1,0,0,0,1,1
163,-0.281162574629,-0.493104782321,0,0,0,1,0,0,1,0,0,1,0
164,-0.963048394725,-0.475945849167,0,0,0,1,0,0,1,0,0,1,0
165,-2.17528985267,0.123891785854,1,4,0,1,0,0,1,0,0,1,0
166,-1.5691691237,-0.246596165189,2,0,0,1,0,0,1,0,0,1,1
167,0.628018518832,0.419943801527,1,0,1,0,1,0,0,0,0,1,1
168,1.15837415668,-0.104007847436,4,1,1,0,0,0,1,0,0,1,0
169,0.93107888332,-0.14219251558,0,0,0,1,1,0,0,0,0,1,0
170,-0.129632392386,0.448863612469,0,0,0,1,0,0,1,0,0,1,0
171,2.37061561463,0.00426260401046,0,0,0,1,1,0,0,0,0,1,0
172,-1.94799457931,-0.0803236861819,1,4,0,1,0,0,1,0,1,0,0
173,-2.17528985267,-0.428175379269,1,1,1,0,0,0,1,0,0,1,1
174,-0.659988030238,-0.490204680943,0,0,0,1,0,0,1,0,0,1,0
175,1.99179015902,-0.0499538245512,0,0,0,1,1,0,0,1,0,0,0
176,-0.887283303604,-0.491573528793,1,1,0,1,0,0,1,0,0,1,0
177,-1.79646439707,-0.15105329199,1,3,0,1,0,0,1,0,0,1,0
178,1.53719961229,-0.0882989649715,0,0,1,0,1,0,0,1,0,0,0
179,0.021897789858,-0.392084584319,0,0,0,1,0,1,0,0,0,1,0
180,0.476488336589,-0.643426703748,0,0,0,1,0,0,1,0,0,1,0
181,-0.281162574629,0.701253635196,2,8,1,0,0,0,1,0,0,1,0
182,0.249193063223,-0.352449865486,0,0,0,1,0,1,0,1,0,0,0
183,-1.5691691237,-0.0365804903967,2,4,0,1,0,0,1,0,0,1,0
184,-2.17528985267,0.110599654538,1,2,0,1,0,1,0,0,0,1,1
185,-1.94799457931,-0.217595151408,2,0,1,0,0,0,1,0,0,1,1
186,0.93107888332,0.323273755593,0,0,0,1,1,0,0,0,0,1,0
187,-0.281162574629,-0.343749561352,0,1,1,0,0,0,1,0,1,0,1
188,1.15837415668,-0.130108759838,0,0,0,1,1,0,0,0,0,1,1
189,0.779548701076,-0.343749561352,1,1,0,1,0,0,1,0,1,0,0
190,0.476488336589,-0.490769234011,0,0,0,1,0,0,1,0,0,1,0
191,0.173427972102,-0.392084584319,0,0,1,0,0,1,0,0,0,1,1
192,-0.811518212482,-0.392084584319,0,0,0,1,0,1,0,0,0,1,0
193,-0.811518212482,-0.491573528793,0,1,1,0,0,0,1,0,0,1,1
194,-2.02375967043,-0.140742464891,1,1,0,1,0,1,0,0,0,1,1
195,1.08260906556,-0.107472501882,0,0,1,0,1,0,0,1,0,0,1
196,2.14332034127,2.18940778951,0,0,1,0,1,0,0,1,0,0,1
197,-0.129632392386,-0.49358813255,0,0,0,1,0,0,1,0,1,0,0
198,0.93107888332,-0.48093982374,1,0,0,1,0,0,1,0,0,1,0
199,-0.281162574629,-0.49358813255,0,0,1,0,0,0,1,0,1,0,1
200,-0.432692756873,-0.392084584319,0,0,1,0,0,1,0,0,0,1,0
201,-0.129632392386,-0.459753616473,0,0,0,1,0,0,1,0,0,1,0
202,-0.129632392386,0.701253635196,2,8,0,1,0,0,1,0,0,1,0
203,0.324958154345,-0.517836846872,0,0,0,1,0,0,1,0,0,1,0
204,1.19625670225,-0.503738487373,0,0,0,1,0,0,1,1,0,0,0
205,-0.887283303604,-0.487787929794,0,0,0,1,0,0,1,0,0,1,1
206,-2.09952476155,-0.441144632631,1,0,1,0,0,0,1,0,0,1,0
207,0.173427972102,-0.336982658137,0,1,0,1,0,0,1,0,0,1,0
208,-0.281162574629,-0.280189006151,0,0,0,1,0,0,1,1,0,0,1
209,-1.03881348585,-0.49358813255,0,0,1,0,0,0,1,0,1,0,1
210,0.779548701076,-0.0440724189566,0,0,0,1,1,0,0,1,0,0,1
211,-0.432692756873,-0.507121938981,0,0,0,1,0,0,1,0,0,1,0
212,0.400723245467,-0.237412510825,0,0,1,0,0,1,0,0,0,1,1
213,-0.584222939116,-0.503255137144,0,0,0,1,0,0,1,0,0,1,0
214,0.021897789858,-0.392084584319,0,0,0,1,0,1,0,0,0,1,0
215,-0.129632392386,-0.49358813255,0,1,0,1,0,0,1,0,1,0,0
216,0.0976628809798,1.54663318689,0,1,1,0,1,0,0,1,0,0,1
217,-0.205397483507,-0.490204680943,0,0,1,0,0,0,1,0,0,1,1
218,0.93107888332,-0.121408455704,0,1,0,1,0,1,0,0,0,1,0
219,0.173427972102,0.83159772493,0,0,1,0,1,0,0,1,0,0,1
220,0.021897789858,-0.440419607287,0,0,0,1,0,1,0,0,0,1,0
221,-1.03881348585,-0.487787929794,0,0,0,1,0,0,1,0,0,1,1
222,-0.205397483507,-0.392084584319,0,0,0,1,0,1,0,0,0,1,0
223,1.61296470342,-0.487787929794,0,0,0,1,0,0,1,0,0,1,0
224,-0.129632392386,-0.490769234011,0,0,0,1,0,0,1,0,0,1,0
225,0.628018518832,1.09663412307,0,1,0,1,1,0,0,0,0,1,1
226,-0.584222939116,-0.462653717851,0,0,0,1,0,0,1,0,0,1,0
227,-0.811518212482,-0.440419607287,0,0,0,1,0,1,0,0,0,1,1
228,-0.697870575799,-0.503255137144,0,0,0,1,0,0,1,0,0,1,0
229,-0.887283303604,-0.392084584319,0,0,0,1,0,1,0,0,0,1,0
230,-0.281162574629,-0.15105329199,1,3,1,0,0,0,1,0,0,1,0
231,0.400723245467,0.970479713122,0,1,1,0,1,0,0,0,0,1,1
232,-0.0538673012638,-0.493104782321,0,0,0,1,0,0,1,0,0,1,0
233,2.21908543239,-0.382417579726,0,0,0,1,0,1,0,0,0,1,0
234,-1.87222948819,-0.0365804903967,2,4,1,0,0,0,1,0,0,1,1
235,-0.432692756873,-0.440419607287,0,0,0,1,0,1,0,0,0,1,0
236,-0.281162574629,-0.497454934388,0,0,1,0,0,0,1,0,0,1,0
237,1.08260906556,-0.140742464891,0,1,0,1,0,1,0,0,0,1,0
238,-1.64493421482,-0.135908962594,2,0,1,0,0,1,0,0,0,1,1
239,-0.811518212482,-0.440419607287,0,0,0,1,0,1,0,0,0,1,0
240,0.249193063223,-0.40610174098,0,0,0,1,0,1,0,0,0,1,0
241,-0.281162574629,-0.36396906816,0,1,1,0,0,0,1,1,0,0,0
242,-0.281162574629,-0.343749561352,0,1,1,0,0,0,1,0,1,0,1
243,-0.0538673012638,-0.440419607287,0,0,0,1,0,1,0,0,0,1,0
244,-0.584222939116,-0.505671888292,0,0,0,1,0,0,1,0,0,1,0
245,0.021897789858,-0.503738487373,0,0,0,1,0,0,1,1,0,0,0
246,1.08260906556,1.09663412307,0,2,0,1,1,0,0,0,1,0,0
247,-0.356927665751,-0.493104782321,0,0,1,0,0,0,1,0,0,1,0
248,-0.432692756873,-0.363083570539,2,0,1,0,0,1,0,0,0,1,1
249,0.552253427711,0.372656681858,1,1,0,1,1,0,0,0,0,1,1
250,1.84025997678,-0.140742464891,0,1,0,1,0,1,0,0,0,1,0
251,-0.129632392386,-0.503255137144,0,0,0,1,0,0,1,0,0,1,0
252,-0.0538673012638,-0.441144632631,1,1,1,0,0,0,1,0,0,1,0
253,2.44638070576,-0.130108759838,0,0,0,1,1,0,0,0,0,1,0
254,0.021897789858,-0.33214915584,0,1,0,1,0,0,1,0,0,1,0
255,0.855313792198,-0.252638043059,2,0,1,0,0,0,1,0,0,1,0
256,-0.0538673012638,-0.348664266488,2,0,1,0,0,0,1,1,0,0,1
257,0.628018518832,0.887826823848,0,0,1,0,1,0,0,1,0,0,1
258,0.021897789858,1.02896509091,0,0,1,0,1,0,0,0,0,1,1
259,0.400723245467,9.26195075573,0,0,1,0,1,0,0,1,0,0,1
260,1.53719961229,-0.140742464891,1,0,1,0,0,1,0,0,0,1,1
261,-0.129632392386,-0.49358813255,0,0,0,1,0,0,1,0,1,0,0
262,-2.02375967043,-0.0365804903967,2,4,0,1,0,0,1,0,0,1,1
263,1.68872979454,0.896527127983,1,1,0,1,1,0,0,0,0,1,0
264,0.779548701076,-0.643426703748,0,0,0,1,1,0,0,0,0,1,0
265,-0.281162574629,-0.49358813255,0,0,1,0,0,0,1,0,1,0,0
266,0.476488336589,-0.440419607287,0,0,0,1,0,1,0,0,0,1,0
267,-1.03881348585,0.123891785854,1,4,0,1,0,0,1,0,0,1,0
268,-0.356927665751,-0.493104782321,0,1,0,1,0,0,1,0,0,1,1
269,2.14332034127,2.32361868109,1,0,1,0,1,0,0,0,0,1,1
270,0.400723245467,1.97890876449,0,0,1,0,1,0,0,0,0,1,1
271,0.93107888332,-0.0440724189566,0,0,0,1,1,0,0,0,0,1,0
272,-0.356927665751,-0.643426703748,0,0,0,1,0,0,1,0,0,1,1
273,0.855313792198,-0.266413524605,1,0,1,0,0,1,0,0,0,1,1
274,0.552253427711,-0.0692066308995,1,0,0,1,1,0,0,1,0,0,0
275,-0.281162574629,-0.49358813255,0,0,1,0,0,0,1,0,1,0,1
276,2.52214579688,0.863819784641,0,1,1,0,1,0,0,0,0,1,1
277,1.15837415668,-0.49358813255,0,0,1,0,0,0,1,0,0,1,0
278,0.249193063223,-0.643426703748,0,0,0,1,0,1,0,0,0,1,0
279,-1.72069930594,-0.0803236861819,1,4,0,1,0,0,1,0,1,0,0
280,0.400723245467,-0.251913017715,1,1,1,0,0,0,1,0,0,1,1
281,2.67367597912,-0.49358813255,0,0,0,1,0,0,1,0,1,0,0
282,-0.129632392386,-0.491573528793,0,0,0,1,0,0,1,0,0,1,0
283,-1.03881348585,-0.459753616473,0,0,0,1,0,0,1,0,0,1,0
284,-0.811518212482,-0.487787929794,0,0,0,1,0,0,1,0,0,1,1
285,0.93107888332,-0.140742464891,0,0,0,1,1,0,0,0,0,1,0
286,0.249193063223,-0.475945849167,0,0,0,1,0,0,1,1,0,0,0
287,0.021897789858,-0.459753616473,0,0,0,1,0,0,1,0,0,1,1
288,-0.584222939116,-0.490769234011,0,0,0,1,0,0,1,0,0,1,0
289,0.93107888332,-0.392084584319,0,0,0,1,0,1,0,0,0,1,1
290,-0.584222939116,-0.49358813255,0,0,1,0,0,0,1,0,1,0,1
291,-0.281162574629,0.881059920633,0,0,1,0,1,0,0,0,0,1,1
292,-0.811518212482,1.11749938578,0,1,1,0,1,0,0,1,0,0,1
293,0.476488336589,-0.394501335468,0,0,0,1,0,1,0,1,0,0,0
294,-0.432692756873,-0.472320722445,0,0,1,0,0,0,1,0,0,1,0
295,-0.432692756873,-0.490769234011,0,0,0,1,0,0,1,0,0,1,0
296,0.93107888332,-0.107472501882,0,0,0,1,1,0,0,1,0,0,0
297,-0.470575302434,-0.503657284535,0,0,0,1,0,0,1,1,0,0,0
298,-2.09952476155,2.28664238852,2,1,1,0,1,0,0,0,0,1,0
299,0.93107888332,-0.05373942355,0,0,0,1,1,0,0,0,0,1,1
300,1.53719961229,4.14214271738,1,0,1,0,1,0,0,1,0,0,1
301,-0.281162574629,-0.49358813255,0,0,1,0,0,0,1,0,1,0,1
302,-0.129632392386,-0.193910990155,0,2,0,1,0,0,1,0,1,0,1
303,-0.811518212482,-0.643426703748,0,0,0,1,0,0,1,0,0,1,0
304,0.0976628809798,-0.404651690291,0,0,1,0,0,1,0,0,1,0,1
305,-0.129632392386,-0.487787929794,0,0,0,1,0,0,1,0,0,1,0
306,-2.18135105996,2.28664238852,2,1,0,1,1,0,0,0,0,1,1
307,0.628018518832,1.50039203712,0,0,1,0,1,0,0,1,0,0,1
308,-0.963048394725,1.4620468967,0,1,1,0,1,0,0,1,0,0,1
309,0.021897789858,-0.179410483264,0,1,0,1,0,1,0,1,0,0,0
310,0.021897789858,0.45724297205,0,0,1,0,1,0,0,1,0,0,1
311,-0.432692756873,0.964356632413,0,0,1,0,1,0,0,1,0,0,1
312,-0.887283303604,4.42933395665,2,2,1,0,1,0,0,1,0,0,1
313,-0.281162574629,-0.140742464891,1,1,1,0,0,1,0,0,0,1,0
314,-0.129632392386,-0.490769234011,0,0,0,1,0,0,1,0,0,1,0
315,1.00684397444,-0.135908962594,1,1,0,1,0,1,0,0,0,1,0
316,-0.281162574629,-0.491573528793,0,0,1,0,0,0,1,0,0,1,1
317,-0.432692756873,-0.140742464891,0,1,1,0,0,1,0,0,0,1,1
318,1.84025997678,-0.372750575133,0,0,0,1,0,1,0,0,0,1,0
319,0.0976628809798,2.54410758865,2,0,1,0,1,0,0,0,0,1,1
320,0.779548701076,1.95699753188,1,1,1,0,1,0,0,1,0,0,1
321,-0.584222939116,-0.503255137144,0,0,0,1,0,0,1,0,0,1,0
322,-0.205397483507,-0.490769234011,0,0,0,1,0,0,1,0,0,1,0
323,0.021897789858,-0.404651690291,0,0,1,0,0,1,0,0,1,0,1
324,-0.584222939116,-0.0827404373303,1,1,1,0,0,1,0,0,0,1,1
325,-0.129632392386,0.701253635196,2,8,0,1,0,0,1,0,0,1,0
326,0.476488336589,1.97890876449,0,0,1,0,1,0,0,1,0,0,1
327,2.37061561463,-0.522830821445,0,0,0,1,0,0,1,0,0,1,0
328,0.476488336589,-0.392084584319,0,0,1,0,0,1,0,0,0,1,1
329,0.0976628809798,-0.246596165189,1,1,1,0,0,0,1,0,0,1,1
330,-1.03881348585,0.477543681697,1,0,1,0,1,0,0,1,0,0,1
331,-0.281162574629,-0.193910990155,0,2,1,0,0,0,1,0,1,0,1
332,1.19625670225,-0.0924074419237,0,0,0,1,1,0,0,0,0,1,0
333,0.628018518832,2.32361868109,1,0,0,1,1,0,0,0,0,1,0
334,-1.03881348585,-0.295414538385,0,2,0,1,0,0,1,0,0,1,0
335,0.628018518832,1.94056362407,0,1,1,0,1,0,0,0,0,1,1
336,-0.129632392386,-0.490769234011,0,0,0,1,0,0,1,0,0,1,0
337,-0.0538673012638,0.644218308094,0,1,0,1,1,0,0,0,0,1,0
338,0.855313792198,1.95699753188,0,0,1,0,1,0,0,1,0,0,1
339,1.15837415668,-0.487787929794,0,0,0,1,0,0,1,0,0,1,1
340,1.15837415668,0.0429306223841,0,0,0,1,1,0,0,0,0,1,0
341,-2.09952476155,-0.140742464891,1,1,0,1,0,1,0,0,0,1,1
342,-0.432692756873,4.44141771239,2,3,1,0,1,0,0,0,0,1,1
343,-0.129632392386,-0.392084584319,0,0,0,1,0,1,0,0,0,1,0
344,-0.356927665751,-0.392084584319,0,0,0,1,0,1,0,0,0,1,0
345,0.476488336589,-0.392084584319,0,0,0,1,0,1,0,0,0,1,0
346,-0.432692756873,-0.392084584319,0,0,1,0,0,1,0,0,0,1,1
347,0.779548701076,-0.392084584319,0,0,1,0,0,1,0,0,0,1,1
348,-0.281162574629,-0.33214915584,0,1,1,0,0,0,1,0,0,1,1
349,-2.02375967043,-0.336015957678,1,1,0,1,0,0,1,0,0,1,1
350,0.93107888332,-0.475945849167,0,0,0,1,0,0,1,0,0,1,0
351,-0.508457847995,-0.465070469,0,0,0,1,0,0,1,0,0,1,0
352,0.93107888332,0.0332636177907,0,0,0,1,1,0,0,0,0,1,0
353,-1.11457857697,-0.503657284535,1,1,0,1,0,0,1,1,0,0,0
354,-0.356927665751,-0.299281340223,0,1,0,1,0,0,1,0,0,1,0
355,-0.129632392386,-0.503738487373,0,0,0,1,0,0,1,1,0,0,0
356,-0.129632392386,-0.459753616473,0,0,0,1,0,0,1,0,0,1,0
357,-0.584222939116,0.419943801527,1,0,1,0,1,0,0,0,0,1,1
358,0.628018518832,-0.392084584319,0,0,1,0,0,1,0,0,0,1,0
359,-0.281162574629,-0.491090178563,0,0,1,0,0,0,1,0,1,0,1
360,-0.281162574629,-0.491090178563,0,0,1,0,0,0,1,0,1,0,1
361,0.779548701076,-0.104007847436,4,1,0,1,0,0,1,0,0,1,0
362,-0.0538673012638,-0.107472501882,0,1,0,1,0,1,0,1,0,0,0
363,1.15837415668,-0.36396906816,1,0,1,0,0,0,1,1,0,0,0
364,0.400723245467,-0.507121938981,0,0,0,1,0,0,1,0,0,1,0
365,-0.129632392386,-0.343749561352,0,1,0,1,0,0,1,0,1,0,0
366,0.021897789858,-0.503255137144,0,0,0,1,0,0,1,0,0,1,0
367,2.29485052351,0.81145748756,0,1,1,0,1,0,0,1,0,0,1
368,-0.281162574629,-0.503657284535,0,0,1,0,0,0,1,1,0,0,1
369,-0.281162574629,-0.49358813255,0,0,1,0,0,0,1,0,1,0,1
370,-0.432692756873,0.696420132899,0,0,1,0,1,0,0,1,0,0,1
371,-0.356927665751,0.428483633385,0,1,0,1,1,0,0,1,0,0,1
372,-0.887283303604,-0.517836846872,0,1,0,1,0,0,1,0,0,1,0
373,-0.811518212482,-0.487787929794,0,0,0,1,0,0,1,0,0,1,0
374,-0.584222939116,1.97890876449,0,0,0,1,1,0,0,1,0,0,0
375,-2.02375967043,-0.235962460136,1,3,1,0,0,0,1,0,0,1,0
376,0.628018518832,0.945264298341,0,1,1,0,1,0,0,1,0,0,1
377,-0.584222939116,-0.503255137144,0,0,1,0,0,0,1,0,0,1,1
378,-0.205397483507,3.44571623927,2,0,0,1,1,0,0,1,0,0,0
379,-0.73575312136,-0.565848991886,0,0,0,1,0,0,1,1,0,0,0
380,-0.811518212482,-0.493104782321,0,0,0,1,0,0,1,0,0,1,0
381,0.93107888332,3.75554373648,0,0,1,0,1,0,0,1,0,0,1
382,-2.17528985267,-0.339076531332,2,0,1,0,0,0,1,1,0,0,1
383,0.173427972102,-0.490204680943,0,0,0,1,0,0,1,0,0,1,0
384,0.400723245467,0.361941773967,0,1,1,0,1,0,0,0,0,1,1
385,-0.129632392386,-0.490769234011,0,0,0,1,0,0,1,0,0,1,0
386,-0.887283303604,0.777622971484,0,0,0,1,0,1,0,0,0,1,0
387,-2.17528985267,0.263338327114,2,5,0,1,0,0,1,0,0,1,0
388,0.476488336589,-0.392084584319,0,0,1,0,0,1,0,0,0,1,1
389,-0.129632392386,-0.493990279941,0,0,0,1,0,0,1,0,1,0,0
390,-0.963048394725,-0.411418593506,0,0,1,0,0,1,0,1,0,0,1
391,0.476488336589,1.67665439867,2,1,0,1,1,0,0,0,0,1,1
392,-0.659988030238,-0.49270263493,0,0,0,1,0,0,1,0,0,1,1
393,-0.129632392386,-0.490204680943,0,2,0,1,0,0,1,0,0,1,0
394,-0.508457847995,1.54663318689,0,1,1,0,1,0,0,1,0,0,1
395,-0.432692756873,-0.320548750328,2,0,1,0,0,0,1,0,0,1,1
396,-0.584222939116,-0.49270263493,0,0,0,1,0,0,1,0,0,1,0
397,0.0976628809798,-0.491573528793,0,0,1,0,0,0,1,0,0,1,0
398,1.23413924781,-0.140742464891,0,0,0,1,0,1,0,0,0,1,0
399,-0.508457847995,-0.440419607287,0,0,0,1,0,1,0,0,0,1,0
400,-0.129632392386,-0.398851487535,0,0,1,0,0,1,0,0,0,1,1
401,0.703783609954,-0.490204680943,0,0,0,1,0,0,1,0,0,1,1
402,-0.281162574629,-0.487787929794,0,0,0,1,0,0,1,0,0,1,0
403,-0.659988030238,-0.453470063488,0,1,1,0,0,0,1,0,0,1,0
404,-0.129632392386,-0.336982658137,0,1,0,1,0,0,1,0,0,1,0
405,-0.73575312136,-0.475945849167,0,0,1,0,0,0,1,0,0,1,0
406,0.324958154345,-0.237412510825,0,1,0,1,0,1,0,0,0,1,0
407,1.61296470342,-0.49358813255,0,0,0,1,0,0,1,0,0,1,0
408,-2.02375967043,-0.280914031495,1,1,0,1,0,1,0,0,0,1,1
409,-0.659988030238,-0.493104782321,0,0,0,1,0,0,1,0,0,1,0
410,-0.281162574629,-0.15105329199,1,3,1,0,0,0,1,0,0,1,0
411,-0.129632392386,-0.490769234011,0,0,0,1,0,0,1,0,0,1,0
412,-0.129632392386,-0.510828268542,0,0,0,1,0,0,1,0,1,0,0
413,0.249193063223,1.09663412307,0,1,1,0,1,0,0,0,1,0,1
414,0.249193063223,-0.643426703748,0,0,0,1,0,1,0,0,0,1,0
415,1.08260906556,-0.490204680943,0,0,0,1,0,0,1,0,0,1,1
416,-0.281162574629,-0.487787929794,0,0,1,0,0,0,1,0,0,1,0
417,0.324958154345,-0.0150714051764,1,1,1,0,0,1,0,0,0,1,1
418,-0.887283303604,-0.392084584319,2,0,1,0,0,1,0,0,0,1,1
419,0.021897789858,-0.392084584319,0,0,0,1,0,1,0,0,0,1,0
420,-1.49340403258,-0.176510381886,2,0,1,0,0,0,1,0,0,1,0
421,-0.129632392386,-0.490769234011,0,0,0,1,0,0,1,1,0,0,0
422,-0.659988030238,-0.493911010504,0,0,0,1,0,0,1,0,1,0,0
423,-0.0538673012638,-0.491171381402,0,0,0,1,0,0,1,0,0,1,0
424,-0.129632392386,-0.365016971458,1,1,1,0,0,0,1,0,0,1,0
425,-0.887283303604,-0.252638043059,1,1,0,1,0,0,1,0,0,1,0
426,-0.129632392386,-0.503255137144,0,0,0,1,0,0,1,0,0,1,0
427,-0.129632392386,-0.140742464891,0,1,1,0,0,1,0,0,0,1,1
428,-0.811518212482,-0.140742464891,0,0,1,0,0,1,0,0,0,1,1
429,-0.129632392386,-0.49358813255,0,0,0,1,0,0,1,0,1,0,0
430,0.173427972102,-0.487787929794,0,0,0,1,0,0,1,0,0,1,1
431,-0.129632392386,-0.130108759838,0,0,0,1,1,0,0,0,0,1,1
432,-0.281162574629,-0.33214915584,0,1,1,0,0,0,1,0,0,1,1
433,0.93107888332,-0.140742464891,0,1,1,0,0,1,0,0,0,1,1
434,-0.963048394725,-0.505671888292,0,0,0,1,0,0,1,0,0,1,0
435,1.53719961229,0.437344409795,0,1,0,1,1,0,0,0,0,1,0
436,-1.19034366809,1.67665439867,2,1,1,0,1,0,0,0,0,1,1
437,-0.659988030238,0.0211798620489,2,2,1,0,0,0,1,0,0,1,0
438,-0.432692756873,-0.280914031495,3,2,1,0,0,1,0,0,0,1,1
439,2.597910888,4.44141771239,4,1,0,1,1,0,0,0,0,1,0
440,0.0976628809798,-0.440419607287,0,0,0,1,0,1,0,0,0,1,0
441,1.15837415668,-0.135908962594,1,1,1,0,0,1,0,0,0,1,1
442,-0.73575312136,-0.459753616473,0,0,0,1,0,0,1,0,0,1,0
443,-0.356927665751,-0.493104782321,0,1,0,1,0,0,1,0,0,1,0
444,-0.129632392386,-0.392084584319,0,0,1,0,0,1,0,0,0,1,1
445,-0.129632392386,-0.48657955422,0,0,0,1,0,0,1,0,0,1,1
446,-1.94799457931,0.93922242047,2,0,0,1,1,0,0,0,0,1,1
447,-1.26610875921,-0.266413524605,1,0,1,0,0,1,0,0,0,1,1
448,0.324958154345,-0.130108759838,0,0,0,1,1,0,0,0,0,1,1
449,-1.87222948819,-0.271086554626,1,2,1,0,0,0,1,1,0,0,1
450,1.68872979454,-0.05373942355,0,0,0,1,1,0,0,0,0,1,1
451,0.476488336589,-0.106907948814,2,1,0,1,0,1,0,0,0,1,0
452,-0.129632392386,-0.257390342518,0,1,0,1,0,0,1,0,0,1,0
453,0.021897789858,-0.106907948814,0,0,0,1,1,0,0,1,0,0,0
454,1.46143452117,1.07931471764,0,1,0,1,1,0,0,1,0,0,1
455,-0.129632392386,-0.487787929794,0,0,0,1,0,0,1,0,0,1,0
456,-0.0538673012638,-0.490769234011,0,0,0,1,0,0,1,1,0,0,1
457,2.67367597912,-0.130108759838,0,0,0,1,1,0,0,0,0,1,0
458,0.628018518832,0.359283347704,0,1,1,0,1,0,0,0,0,1,1
459,1.53719961229,-0.440419607287,0,0,1,0,0,1,0,0,0,1,1
460,-0.129632392386,-0.49358813255,0,0,0,1,0,0,1,0,1,0,0
461,1.38566943005,-0.130108759838,0,0,0,1,1,0,0,0,0,1,1
462,0.324958154345,-0.487787929794,0,0,0,1,0,0,1,0,0,1,0
463,1.30990433893,0.100932649945,0,0,0,1,1,0,0,0,0,1,0
464,1.38566943005,-0.392084584319,0,0,0,1,0,1,0,0,0,1,0
465,-0.129632392386,-0.487787929794,0,0,0,1,0,0,1,0,0,1,0
466,0.628018518832,-0.507121938981,0,0,0,1,0,0,1,0,0,1,0
467,0.249193063223,-0.643426703748,0,0,0,1,0,1,0,0,0,1,0
468,1.99179015902,-0.130108759838,0,0,0,1,1,0,0,0,0,1,0
469,-0.129632392386,-0.49407148278,0,0,0,1,0,0,1,0,1,0,0
470,-2.19423112545,-0.271086554626,1,2,1,0,0,0,1,1,0,0,1
471,-0.129632392386,-0.503255137144,0,0,0,1,0,0,1,0,0,1,0
472,0.628018518832,-0.475945849167,0,0,0,1,0,0,1,0,0,1,0
473,0.249193063223,-0.106907948814,2,1,1,0,0,1,0,0,0,1,1
474,-0.508457847995,-0.376777849246,0,0,1,0,0,1,0,1,0,0,1
475,-0.584222939116,-0.453228388373,0,0,1,0,0,0,1,0,0,1,0
476,0.93107888332,0.361941773967,0,0,0,1,1,0,0,0,0,1,0
477,0.324958154345,-0.237412510825,0,1,0,1,0,1,0,0,0,1,0
478,-0.0538673012638,-0.50720314182,0,1,0,1,0,0,1,0,0,1,0
479,-0.584222939116,-0.498019487456,0,0,0,1,0,0,1,0,0,1,0
480,-2.09952476155,-0.405860065865,1,0,1,0,0,0,1,0,0,1,1
481,-1.5691691237,0.263338327114,2,5,0,1,0,0,1,0,0,1,0
482,0.249193063223,-0.643426703748,0,0,0,1,0,1,0,0,0,1,0
483,1.53719961229,-0.487787929794,0,0,0,1,0,0,1,0,0,1,0
484,2.52214579688,-0.45806189067,0,0,1,0,0,0,1,0,0,1,1
485,-0.356927665751,1.11749938578,0,1,0,1,1,0,0,1,0,0,1
486,-0.281162574629,-0.15105329199,1,3,1,0,0,0,1,0,0,1,0
487,0.400723245467,1.09663412307,0,1,1,0,1,0,0,0,0,1,1
488,2.14332034127,-0.0692066308995,0,0,0,1,1,0,0,1,0,0,0
489,0.021897789858,-0.487787929794,0,0,0,1,0,0,1,0,0,1,0
490,-1.5691691237,-0.336015957678,1,1,0,1,0,0,1,0,0,1,1
491,-0.129632392386,-0.257390342518,0,1,0,1,0,0,1,0,0,1,0
492,-0.659988030238,-0.503255137144,0,0,0,1,0,0,1,0,0,1,0
493,1.9160250679,-0.05373942355,0,0,0,1,1,0,0,0,0,1,0
494,3.12826652585,0.313687953838,0,0,0,1,1,0,0,1,0,0,0
495,-0.659988030238,-0.487787929794,0,0,0,1,0,0,1,0,0,1,0
496,-0.129632392386,-0.363889798722,0,0,0,1,0,0,1,1,0,0,0
497,1.84025997678,0.869782393074,0,1,1,0,1,0,0,1,0,0,1
498,-0.129632392386,-0.351483165027,0,0,0,1,0,0,1,0,0,1,0
499,-0.356927665751,2.28664238852,2,1,1,0,1,0,0,0,0,1,0
500,-0.432692756873,-0.49270263493,0,0,0,1,0,0,1,0,0,1,0
501,-0.963048394725,-0.475945849167,0,0,0,1,0,0,1,0,0,1,0
502,-0.659988030238,-0.49358813255,0,0,1,0,0,0,1,0,1,0,0
503,-0.281162574629,-0.49592368086,0,0,1,0,0,0,1,0,1,0,0
504,0.552253427711,-0.45806189067,0,0,1,0,0,0,1,0,0,1,0
505,-1.03881348585,1.02896509091,0,0,1,0,1,0,0,0,0,1,1
506,-0.887283303604,1.4620468967,0,1,0,1,1,0,0,1,0,0,0
507,0.249193063223,-0.140742464891,2,0,1,0,0,1,0,0,0,1,1
508,0.93107888332,-0.130108759838,0,0,0,1,1,0,0,0,0,1,1
509,-0.129632392386,-0.207928146815,0,0,0,1,0,0,1,0,0,1,0
510,-0.281162574629,0.448863612469,0,0,0,1,0,0,1,0,0,1,1
511,-0.0538673012638,-0.49358813255,0,0,0,1,0,0,1,0,1,0,1
512,-0.129632392386,-0.487787929794,0,0,0,1,0,0,1,0,0,1,0
513,0.476488336589,-0.13518393725,0,0,0,1,1,0,0,0,0,1,1
514,1.84025997678,0.505013441949,0,1,1,0,1,0,0,1,0,0,1
515,-0.432692756873,-0.498502837686,0,0,0,1,0,0,1,0,0,1,0
516,1.30990433893,0.014331755995,0,0,0,1,1,0,0,0,0,1,0
517,0.324958154345,-0.440419607287,0,0,1,0,0,1,0,0,0,1,1
518,-0.129632392386,-0.176510381886,0,0,0,1,0,0,1,0,1,0,0
519,0.476488336589,-0.140742464891,0,1,1,0,0,1,0,0,0,1,1
520,0.173427972102,-0.490769234011,0,0,0,1,0,0,1,0,0,1,0
521,0.021897789858,1.16430315522,0,0,1,0,1,0,0,0,0,1,1
522,-0.584222939116,-0.490769234011,0,0,0,1,0,0,1,0,0,1,0
523,-0.129632392386,-0.503738487373,0,0,0,1,0,0,1,1,0,0,0
524,1.08260906556,0.477543681697,1,0,1,0,1,0,0,1,0,0,1
525,-0.129632392386,-0.503657284535,0,0,0,1,0,0,1,1,0,0,0
526,0.817431246637,-0.49358813255,0,0,0,1,0,0,1,0,1,0,0
527,1.53719961229,-0.440419607287,0,0,1,0,0,1,0,0,0,1,1
528,0.93107888332,3.6444543865,0,0,0,1,1,0,0,0,0,1,0
529,0.703783609954,-0.490204680943,0,0,0,1,0,0,1,0,0,1,0
530,-0.508457847995,-0.4210855981,1,2,0,1,0,1,0,0,0,1,0
531,-2.09952476155,-0.140742464891,1,1,1,0,0,1,0,0,0,1,1
532,-0.129632392386,-0.503657284535,0,0,0,1,0,0,1,1,0,0,0
533,-0.963048394725,-0.503657284535,1,1,0,1,0,0,1,1,0,0,0
534,-0.281162574629,-0.211151126146,2,0,1,0,0,0,1,1,0,0,1
535,0.021897789858,-0.475945849167,0,0,1,0,0,0,1,0,0,1,0
536,-1.72069930594,-0.135908962594,2,0,1,0,0,1,0,0,0,1,1
537,1.15837415668,-0.130108759838,0,0,0,1,1,0,0,0,0,1,0
538,0.021897789858,1.41419522396,0,0,1,0,1,0,0,1,0,0,1
539,-0.129632392386,-0.363083570539,0,0,0,1,0,0,1,0,0,1,0
540,-0.584222939116,0.313606751,2,0,1,0,1,0,0,1,0,0,1
541,0.476488336589,0.729287948516,2,0,1,0,1,0,0,0,0,1,1
542,-1.5691691237,-0.0387555664302,2,4,1,0,0,0,1,0,0,1,0
543,-1.41763894146,-0.0387555664302,2,4,1,0,0,0,1,0,0,1,0
544,0.173427972102,-0.140742464891,0,1,0,1,0,1,0,0,0,1,1
545,1.53719961229,1.41419522396,0,1,0,1,1,0,0,1,0,0,0
546,2.597910888,-0.140742464891,0,0,0,1,1,0,0,0,0,1,0
547,-0.811518212482,-0.140742464891,0,1,1,0,0,1,0,0,0,1,1
548,0.249193063223,-0.375409001396,0,0,0,1,0,1,0,1,0,0,1
549,0.249193063223,-0.246596165189,1,1,0,1,0,0,1,0,0,1,0
550,-1.64493421482,0.0670981338676,1,1,0,1,0,1,0,0,0,1,1
551,-0.963048394725,1.50039203712,2,0,0,1,1,0,0,1,0,0,1
552,-0.205397483507,-0.140742464891,0,0,0,1,0,1,0,0,0,1,0
553,-0.129632392386,-0.492056879023,0,0,0,1,0,0,1,0,1,0,0
554,-0.584222939116,-0.503738487373,0,0,0,1,0,0,1,1,0,0,1
555,-0.584222939116,-0.493104782321,0,0,1,0,0,0,1,0,0,1,1
556,2.44638070576,-0.130108759838,0,0,0,1,1,0,0,0,0,1,0
557,1.38566943005,0.12220006005,0,1,1,0,1,0,0,1,0,0,1
558,0.93107888332,3.75554373648,0,0,0,1,1,0,0,1,0,0,0
559,0.703783609954,0.896527127983,1,1,1,0,1,0,0,0,0,1,1
560,0.476488336589,-0.307014943897,0,1,1,0,0,0,1,0,0,1,1
561,-0.129632392386,-0.49358813255,0,0,0,1,0,0,1,0,1,0,0
562,0.779548701076,-0.490769234011,0,0,0,1,0,0,1,0,0,1,0
563,-0.129632392386,-0.382417579726,0,0,0,1,0,1,0,0,0,1,0
564,-0.129632392386,-0.487787929794,0,0,0,1,0,0,1,0,0,1,0
565,-0.281162574629,-0.487787929794,0,0,1,0,0,0,1,0,0,1,0
566,-0.432692756873,-0.176510381886,0,2,0,1,0,0,1,0,0,1,0
567,-0.811518212482,-0.490769234011,0,0,0,1,0,0,1,0,0,1,0
568,-0.0538673012638,-0.235962460136,4,0,1,0,0,0,1,0,0,1,0
569,-0.129632392386,-0.503657284535,0,0,0,1,0,0,1,1,0,0,0
570,0.173427972102,-0.491573528793,0,0,0,1,0,0,1,0,0,1,1
571,2.44638070576,-0.440419607287,0,0,0,1,0,1,0,0,0,1,1
572,1.76449488566,0.351872621982,0,2,1,0,1,0,0,0,0,1,1
573,0.476488336589,-0.133250536331,0,0,0,1,1,0,0,0,0,1,1
574,-0.281162574629,-0.49358813255,0,0,1,0,0,0,1,0,1,0,1
575,-1.03881348585,-0.487787929794,0,0,0,1,0,0,1,0,0,1,0
576,-0.811518212482,-0.363083570539,0,0,0,1,0,0,1,0,0,1,0
577,0.324958154345,-0.392084584319,0,0,1,0,0,1,0,0,0,1,1
578,0.703783609954,0.437344409795,0,1,1,0,1,0,0,0,0,1,1
579,-0.281162574629,-0.363889798722,0,1,1,0,0,0,1,1,0,0,0
580,0.173427972102,-0.490204680943,0,0,0,1,0,0,1,0,0,1,1
581,-0.356927665751,-0.0634064281434,1,1,1,0,0,1,0,0,0,1,1
582,0.703783609954,1.50039203712,1,1,1,0,1,0,0,1,0,0,1
583,1.84025997678,-0.140742464891,0,0,0,1,0,1,0,0,0,1,0
584,0.476488336589,0.132350414873,0,0,0,1,1,0,0,1,0,0,0
585,-0.129632392386,-0.474979148708,0,0,0,1,0,0,1,1,0,0,0
586,-0.887283303604,0.896527127983,2,0,1,0,1,0,0,0,0,1,1
587,1.30990433893,-0.353416565946,0,0,0,1,0,1,0,0,0,1,0
588,2.29485052351,0.887826823848,1,1,0,1,1,0,0,1,0,0,1
589,-0.584222939116,-0.487787929794,0,0,0,1,0,0,1,0,0,1,0
590,-0.129632392386,-0.487787929794,0,0,0,1,0,0,1,0,0,1,0
591,0.400723245467,-0.505671888292,0,0,0,1,0,0,1,0,0,1,0
592,1.68872979454,0.869782393074,0,1,1,0,1,0,0,1,0,0,1
593,1.30990433893,-0.503255137144,0,0,0,1,0,0,1,0,0,1,0
594,-0.281162574629,-0.49358813255,2,0,1,0,0,0,1,0,1,0,0
595,0.552253427711,-0.140742464891,0,1,0,1,0,1,0,0,0,1,0
596,0.476488336589,-0.176510381886,1,1,0,1,0,0,1,0,0,1,0
597,0.0976628809798,-0.00540440058295,0,0,1,0,0,1,0,0,0,1,1
598,1.46143452117,-0.643426703748,0,0,0,1,0,0,1,0,0,1,0
599,-0.129632392386,-0.503738487373,0,0,0,1,0,0,1,1,0,0,0
600,1.46143452117,0.45724297205,0,1,0,1,1,0,0,1,0,0,1
601,-0.432692756873,-0.121408455704,1,2,1,0,0,1,0,0,0,1,1
602,-0.129632392386,-0.490769234011,0,0,0,1,0,0,1,0,0,1,0
603,0.93107888332,0.176335285773,0,0,0,1,1,0,0,0,0,1,0
604,1.08260906556,-0.487787929794,0,0,0,1,0,0,1,0,0,1,0
605,0.400723245467,-0.130108759838,0,0,0,1,1,0,0,1,0,0,1
606,0.476488336589,-0.342782860893,0,1,0,1,0,0,1,0,0,1,0
607,0.021897789858,-0.490769234011,0,0,0,1,0,0,1,0,0,1,0
608,-0.205397483507,-0.05373942355,0,0,0,1,1,0,0,0,0,1,1
609,-0.584222939116,0.160465931033,2,1,1,0,0,1,0,1,0,0,1
610,0.779548701076,2.32361868109,0,0,1,0,1,0,0,0,0,1,1
611,0.703783609954,-0.0387555664302,5,1,1,0,0,0,1,0,0,1,0
612,-0.129632392386,-0.507121938981,0,0,0,1,0,0,1,0,0,1,0
613,-0.281162574629,-0.343749561352,0,1,1,0,0,0,1,0,1,0,1
614,-0.129632392386,-0.49358813255,0,0,0,1,0,0,1,0,1,0,0
615,0.400723245467,-0.487787929794,0,0,0,1,0,0,1,0,0,1,0
616,-0.432692756873,0.613283893395,2,1,1,0,0,1,0,0,0,1,1
617,0.324958154345,-0.365016971458,1,1,0,1,0,0,1,0,0,1,0
618,-0.281162574629,-0.33214915584,0,1,1,0,0,0,1,0,0,1,0
619,-1.94799457931,0.110599654538,1,2,1,0,0,1,0,0,0,1,1
620,-0.281162574629,-0.440419607287,0,0,0,1,0,1,0,0,0,1,0
621,-0.205397483507,-0.36396906816,0,1,0,1,0,0,1,1,0,0,0
622,0.93107888332,0.372656681858,0,1,0,1,1,0,0,0,0,1,1
623,-0.73575312136,-0.339076531332,1,1,0,1,0,0,1,1,0,0,1
624,-0.659988030238,-0.491573528793,0,0,0,1,0,0,1,0,0,1,0
625,-0.659988030238,-0.33214915584,0,0,0,1,0,0,1,0,0,1,0
626,2.37061561463,-0.0185360596226,0,0,0,1,1,0,0,0,0,1,0
627,2.06755525015,-0.404651690291,0,0,0,1,0,1,0,0,1,0,0
628,-0.659988030238,0.863819784641,0,0,1,0,1,0,0,0,0,1,1
629,-0.281162574629,-0.490769234011,0,0,0,1,0,0,1,0,0,1,0
630,-0.129632392386,-0.493911010504,0,0,0,1,0,0,1,0,1,0,0
631,3.81015234595,-0.0634064281434,0,0,0,1,1,0,0,0,0,1,1
632,1.61296470342,-0.507040736143,0,0,0,1,0,0,1,0,0,1,0
633,0.173427972102,-0.05373942355,0,0,0,1,1,0,0,1,0,0,1
634,0.93107888332,-0.643426703748,0,0,0,1,1,0,0,0,0,1,0
635,-1.5691691237,-0.104007847436,2,3,1,0,0,0,1,0,0,1,0
636,-0.129632392386,-0.392084584319,0,0,1,0,0,1,0,0,0,1,1
637,0.173427972102,-0.490204680943,0,0,0,1,0,0,1,0,0,1,0
638,0.0976628809798,-0.135908962594,1,1,0,1,0,1,0,0,0,1,0
639,0.855313792198,0.123891785854,5,0,1,0,0,0,1,0,0,1,0
640,-0.129632392386,-0.33214915584,0,1,0,1,0,0,1,0,0,1,0
641,-0.73575312136,-0.491573528793,0,0,0,1,0,0,1,0,0,1,0
642,-0.432692756873,0.696420132899,0,0,1,0,1,0,0,1,0,0,1
643,-2.09952476155,-0.104007847436,2,3,1,0,0,0,1,0,0,1,0
644,-0.129632392386,0.448863612469,0,0,0,1,0,0,1,0,0,1,1
645,-2.19423112545,-0.271086554626,1,2,1,0,0,0,1,1,0,0,1
646,1.38566943005,0.84005635395,0,1,0,1,1,0,0,1,0,0,1
647,-0.811518212482,-0.490769234011,0,0,0,1,0,0,1,0,0,1,0
648,1.99179015902,0.0429306223841,0,0,0,1,1,0,0,1,0,0,1
649,-0.129632392386,-0.497454934388,0,0,0,1,0,0,1,0,0,1,0
650,-0.508457847995,-0.497454934388,0,0,1,0,0,0,1,0,0,1,1
651,-0.129632392386,-0.490769234011,0,0,0,1,0,0,1,0,0,1,0
652,-0.887283303604,-0.198744492451,1,0,1,0,0,1,0,0,0,1,1
653,-0.659988030238,-0.480377204073,0,0,0,1,0,0,1,0,0,1,0
654,-0.281162574629,-0.492056879023,0,0,1,0,0,0,1,0,1,0,1
655,-0.887283303604,-0.512922141737,0,0,1,0,0,0,1,0,1,0,0
656,-0.432692756873,0.777622971484,0,2,0,1,0,1,0,0,0,1,0
657,-0.129632392386,-0.490769234011,0,0,0,1,0,0,1,0,0,1,0
658,0.173427972102,-0.343749561352,1,1,1,0,0,0,1,0,1,0,0
659,-0.508457847995,-0.392084584319,0,0,0,1,0,1,0,0,0,1,0
660,2.14332034127,1.54663318689,2,0,0,1,1,0,0,1,0,0,0
661,1.53719961229,1.94056362407,0,2,0,1,1,0,0,0,0,1,1
662,0.779548701076,-0.503738487373,0,0,0,1,0,0,1,1,0,0,0
663,1.30990433893,-0.14871774368,0,0,0,1,1,0,0,0,0,1,0
664,0.476488336589,-0.498502837686,0,0,0,1,0,0,1,0,0,1,0
665,-0.73575312136,-0.490204680943,0,1,0,1,0,0,1,0,0,1,1
666,0.173427972102,0.777622971484,0,2,0,1,0,1,0,0,0,1,0
667,-0.356927665751,-0.392084584319,0,0,0,1,0,1,0,0,0,1,0
668,-0.129632392386,-0.493104782321,0,0,0,1,0,0,1,0,0,1,0
669,1.00684397444,-0.487787929794,0,0,0,1,0,0,1,0,0,1,0
670,0.628018518832,0.361941773967,0,1,1,0,1,0,0,0,0,1,1
671,0.779548701076,0.110599654538,1,1,1,0,0,1,0,0,0,1,1
672,0.0976628809798,0.361941773967,0,1,0,1,1,0,0,0,0,1,0
673,3.05250143473,-0.440419607287,0,0,0,1,0,1,0,0,0,1,0
674,0.0976628809798,-0.392084584319,0,0,0,1,0,1,0,0,0,1,1
675,0.249193063223,-0.643426703748,0,0,0,1,0,1,0,0,0,1,0
676,-0.887283303604,-0.493104782321,0,0,0,1,0,0,1,0,0,1,0
677,-0.394810211312,-0.487787929794,0,0,0,1,0,0,1,0,0,1,0
678,-0.887283303604,-0.453147185534,0,0,1,0,0,0,1,0,0,1,1
679,1.00684397444,0.263338327114,6,1,1,0,0,0,1,0,0,1,0
680,0.476488336589,9.26195075573,1,0,0,1,1,0,0,1,0,0,1
681,-0.281162574629,-0.48609620399,0,0,1,0,0,0,1,0,1,0,0
682,-0.205397483507,0.84005635395,0,0,0,1,1,0,0,1,0,0,1
683,-0.73575312136,-0.465070469,0,0,0,1,0,0,1,0,0,1,0
684,-1.19034366809,0.263338327114,2,5,0,1,0,0,1,0,0,1,0
685,2.29485052351,0.110599654538,1,1,0,1,0,1,0,0,0,1,0
686,-0.356927665751,0.160465931033,2,1,0,1,0,1,0,1,0,0,0
687,-1.19034366809,0.123891785854,1,4,0,1,0,0,1,0,0,1,0
688,-0.811518212482,-0.446784363111,0,0,0,1,0,0,1,0,0,1,0
689,-0.887283303604,-0.49270263493,0,0,0,1,0,0,1,0,0,1,0
690,-1.11457857697,3.44257446277,1,0,1,0,1,0,0,0,0,1,1
691,0.0976628809798,0.458611819901,0,1,0,1,1,0,0,0,0,1,1
692,-1.94799457931,-0.384028102691,1,0,1,0,0,0,1,1,0,0,1
693,-0.129632392386,0.448863612469,0,0,0,1,0,0,1,0,0,1,1
694,-0.356927665751,-0.503738487373,0,0,0,1,0,0,1,1,0,0,0
695,2.29485052351,-0.130108759838,0,0,0,1,1,0,0,0,0,1,0
696,1.68872979454,-0.382417579726,0,0,0,1,0,1,0,0,0,1,0
697,1.08260906556,-0.487787929794,0,0,0,1,0,0,1,0,0,1,0
698,-0.281162574629,-0.493911010504,0,0,1,0,0,0,1,0,1,0,1
699,1.46143452117,1.50039203712,1,1,0,1,1,0,0,1,0,0,0
700,0.93107888332,-0.495521533469,0,0,0,1,0,0,1,0,0,1,0
701,-0.887283303604,3.75554373648,0,1,1,0,1,0,0,1,0,0,1
702,0.400723245467,-0.13518393725,0,0,0,1,1,0,0,0,0,1,1
703,-0.887283303604,-0.36396906816,1,0,1,0,0,0,1,1,0,0,0
704,-0.356927665751,-0.493748604827,0,0,0,1,0,0,1,0,1,0,0
705,-0.281162574629,-0.491573528793,0,1,0,1,0,0,1,0,0,1,0
706,0.703783609954,-0.140742464891,0,0,0,1,0,1,0,0,0,1,0
707,1.15837415668,-0.382417579726,0,0,1,0,0,1,0,0,0,1,1
708,0.93107888332,-0.13518393725,0,0,0,1,1,0,0,0,0,1,1
709,-0.584222939116,2.28664238852,0,0,1,0,1,0,0,0,0,1,1
710,-1.79646439707,-0.348664266488,1,1,0,1,0,0,1,1,0,0,1
711,-0.432692756873,0.313687953838,0,0,1,0,1,0,0,1,0,0,1
712,0.93107888332,-0.130108759838,0,0,0,1,1,0,0,0,0,1,0
713,1.38566943005,0.361941773967,0,1,0,1,1,0,0,0,0,1,1
714,-0.0538673012638,-0.460076494427,0,0,0,1,0,0,1,0,0,1,0
715,1.68872979454,-0.392084584319,0,0,0,1,0,1,0,0,0,1,0
716,-0.811518212482,-0.495521533469,0,0,0,1,0,0,1,0,0,1,0
717,0.628018518832,3.75554373648,0,0,1,0,1,0,0,1,0,0,1
718,-0.205397483507,-0.440419607287,0,0,1,0,0,1,0,0,0,1,1
719,-0.129632392386,-0.343749561352,0,0,0,1,0,0,1,0,1,0,0
720,0.249193063223,-0.493104782321,0,0,0,1,0,0,1,0,0,1,0
721,-1.79646439707,-0.00540440058295,1,0,1,0,0,1,0,0,0,1,1
722,-0.963048394725,-0.507040736143,0,1,0,1,0,0,1,0,0,1,0
723,0.324958154345,-0.392084584319,0,0,0,1,0,1,0,0,0,1,0
724,1.53719961229,-0.392084584319,0,0,0,1,0,1,0,0,0,1,0
725,-0.205397483507,0.383209184072,0,1,0,1,1,0,0,0,0,1,1
726,-0.73575312136,-0.475945849167,0,0,0,1,0,0,1,0,0,1,0
727,0.021897789858,-0.237412510825,0,3,1,0,0,1,0,0,0,1,1
728,-0.281162574629,-0.493829807665,0,0,1,0,0,0,1,0,1,0,1
729,-0.356927665751,-0.140742464891,0,1,0,1,0,1,0,0,0,1,0
730,-0.356927665751,-0.490204680943,0,1,1,0,0,0,1,0,0,1,0
731,-0.0538673012638,3.44257446277,0,0,1,0,1,0,0,0,0,1,1
732,-1.41763894146,-0.280189006151,0,0,0,1,0,0,1,1,0,0,0
733,0.249193063223,-0.643426703748,0,0,0,1,0,1,0,0,0,1,0
734,-0.508457847995,-0.392084584319,0,0,0,1,0,1,0,0,0,1,0
735,-0.508457847995,-0.392084584319,0,0,0,1,0,1,0,0,0,1,0
736,-0.0917498468247,-0.33214915584,0,0,0,1,0,0,1,0,0,1,0
737,1.38566943005,0.0211798620489,3,1,1,0,0,0,1,0,0,1,0
738,0.400723245467,9.26195075573,0,0,0,1,1,0,0,1,0,0,1
739,-0.129632392386,-0.490769234011,0,0,0,1,0,0,1,0,0,1,0
740,-0.129632392386,-0.490769234011,0,0,0,1,0,0,1,0,0,1,0
741,0.93107888332,-0.0634064281434,0,0,0,1,1,0,0,0,0,1,1
742,0.476488336589,0.881059920633,0,1,0,1,1,0,0,0,0,1,0
743,-0.659988030238,4.42933395665,2,2,1,0,1,0,0,1,0,0,1
744,-0.432692756873,-0.33214915584,0,1,0,1,0,0,1,0,0,1,0
745,0.0976628809798,-0.490204680943,0,0,0,1,0,0,1,0,0,1,1
746,3.05250143473,0.729287948516,1,1,0,1,1,0,0,0,0,1,0
747,-1.03881348585,-0.251913017715,1,1,0,1,0,0,1,0,0,1,0
748,0.021897789858,-0.392084584319,0,0,1,0,0,1,0,0,0,1,1
749,-0.811518212482,0.383209184072,0,1,0,1,1,0,0,0,0,1,0
750,0.0976628809798,-0.49358813255,0,0,0,1,0,0,1,0,1,0,0
751,-1.94799457931,-0.198744492451,1,1,1,0,0,1,0,0,0,1,1
752,-1.79646439707,-0.402234939143,1,0,0,1,0,0,1,0,0,1,1
753,0.249193063223,-0.459753616473,0,0,0,1,0,0,1,0,0,1,0
754,-0.508457847995,-0.490769234011,0,0,0,1,0,0,1,0,0,1,0
755,1.38566943005,0.613283893395,2,1,1,0,0,1,0,0,0,1,1
756,-2.20029233274,-0.363083570539,1,1,0,1,0,1,0,0,0,1,1
757,-0.129632392386,-0.49270263493,0,0,0,1,0,0,1,0,0,1,0
758,-0.887283303604,-0.4210855981,0,0,0,1,0,1,0,0,0,1,0
759,0.324958154345,-0.487787929794,0,0,0,1,0,0,1,0,0,1,0
760,0.249193063223,1.02896509091,0,0,1,0,1,0,0,0,0,1,1
761,-0.129632392386,-0.363083570539,0,0,0,1,0,0,1,0,0,1,0
762,0.855313792198,-0.505671888292,0,0,0,1,0,0,1,0,0,1,0
763,-0.73575312136,-0.503657284535,0,0,0,1,0,0,1,1,0,0,1
764,0.476488336589,1.67665439867,2,1,1,0,1,0,0,0,0,1,1
765,-1.03881348585,-0.493104782321,0,0,0,1,0,0,1,0,0,1,0
766,1.61296470342,0.863819784641,0,1,1,0,1,0,0,0,0,1,1
767,0.93107888332,0.12220006005,0,0,0,1,1,0,0,1,0,0,0
768,0.0597803354189,-0.49358813255,0,0,1,0,0,0,1,0,1,0,0
769,-0.129632392386,-0.176510381886,0,1,0,1,0,0,1,0,1,0,0
770,0.173427972102,-0.481746051923,0,0,0,1,0,0,1,0,0,1,0
771,-0.432692756873,-0.459753616473,0,0,0,1,0,0,1,0,0,1,0
772,1.38566943005,-0.491573528793,0,0,0,1,0,0,1,0,0,1,0
773,2.06755525015,-0.440419607287,0,0,1,0,0,1,0,0,0,1,0
774,-0.129632392386,-0.503738487373,0,0,0,1,0,0,1,1,0,0,0
775,1.84025997678,-0.198744492451,3,1,1,0,0,1,0,0,0,1,1
776,-0.887283303604,-0.49358813255,0,0,0,1,0,0,1,0,0,1,0
777,-0.129632392386,-0.49358813255,0,0,0,1,0,0,1,0,1,0,0
778,-1.87222948819,-0.402234939143,0,0,1,0,0,0,1,0,0,1,1
779,-0.129632392386,-0.493829807665,0,0,0,1,0,0,1,0,1,0,0
780,1.00684397444,3.44257446277,1,0,1,0,1,0,0,0,0,1,1
781,-1.26610875921,-0.503657284535,0,0,1,0,0,0,1,1,0,0,1
782,-0.963048394725,0.458611819901,0,1,1,0,1,0,0,0,0,1,1
783,-0.0538673012638,-0.0634064281434,0,0,0,1,1,0,0,0,0,1,0
784,-0.129632392386,-0.190044188317,2,1,0,1,0,0,1,0,0,1,0
785,-0.356927665751,-0.507121938981,0,0,0,1,0,0,1,0,0,1,0
786,-0.356927665751,-0.503255137144,0,0,0,1,0,0,1,0,0,1,0
787,-0.887283303604,-0.498502837686,0,0,1,0,0,0,1,0,0,1,1
788,-1.64493421482,-0.0803236861819,1,4,0,1,0,0,1,0,1,0,0
789,-2.17528985267,-0.245629464729,2,1,0,1,0,0,1,0,0,1,1
790,1.23413924781,0.887826823848,0,0,0,1,1,0,0,1,0,0,0
791,-0.129632392386,-0.49358813255,0,0,0,1,0,0,1,0,1,0,0
792,-1.03881348585,-0.140742464891,0,0,0,1,0,1,0,0,0,1,0
793,-0.281162574629,0.701253635196,2,8,1,0,0,0,1,0,0,1,0
794,0.93107888332,-0.0499538245512,0,0,0,1,1,0,0,1,0,0,0
795,-0.356927665751,-0.490769234011,0,0,0,1,0,0,1,0,0,1,0
796,0.703783609954,-0.392084584319,0,0,0,1,0,1,0,0,0,1,0
797,1.46143452117,-0.142111312741,0,0,1,0,1,0,0,0,0,1,1
798,0.0976628809798,-0.475543701776,0,0,1,0,0,0,1,0,0,1,1
799,0.021897789858,-0.503657284535,0,0,0,1,0,0,1,1,0,0,0
800,0.021897789858,-0.176510381886,1,1,1,0,0,0,1,0,0,1,0
801,0.324958154345,-0.392084584319,0,0,0,1,0,1,0,0,0,1,0
802,0.0976628809798,-0.135908962594,1,1,1,0,0,1,0,0,0,1,1
803,-1.41763894146,1.67665439867,2,1,0,1,1,0,0,0,0,1,1
804,-2.21923360552,-0.478764747707,1,0,0,1,0,0,1,1,0,0,1
805,-0.205397483507,-0.50857198967,0,0,0,1,0,0,1,0,0,1,1
806,0.0976628809798,-0.493104782321,0,0,0,1,0,0,1,0,0,1,0
807,0.703783609954,-0.643426703748,0,0,0,1,1,0,0,0,0,1,0
808,-0.887283303604,-0.493104782321,0,0,1,0,0,0,1,0,0,1,0
809,0.703783609954,-0.392084584319,0,0,0,1,0,1,0,0,0,1,0
810,0.249193063223,0.383209184072,0,1,1,0,1,0,0,0,0,1,1
811,-0.281162574629,-0.490929706287,0,0,0,1,0,0,1,0,0,1,0
812,0.703783609954,-0.176510381886,0,0,0,1,0,0,1,0,0,1,0
813,0.400723245467,-0.440419607287,0,0,0,1,0,1,0,0,0,1,0
814,-1.79646439707,-0.0387555664302,2,4,1,0,0,0,1,0,0,1,0
815,0.0597803354189,-0.487787929794,0,0,0,1,0,0,1,0,0,1,0
816,0.93107888332,-0.643426703748,0,0,0,1,1,0,0,0,0,1,0
817,-0.508457847995,-0.490204680943,0,0,1,0,0,0,1,0,0,1,0
818,0.0976628809798,0.0720128390029,1,1,0,1,0,1,0,1,0,0,0
819,1.00684397444,-0.518722344493,0,0,0,1,0,0,1,0,0,1,0
820,-1.49340403258,-0.104007847436,2,3,0,1,0,0,1,0,0,1,0
821,1.68872979454,1.16430315522,1,1,1,0,1,0,0,0,0,1,1
822,-0.205397483507,-0.475945849167,0,0,0,1,0,0,1,0,0,1,1
823,0.628018518832,-0.643426703748,0,0,0,1,1,0,0,0,0,1,0
824,-0.205397483507,-0.402234939143,1,0,1,0,0,0,1,0,0,1,1
825,-2.09952476155,0.123891785854,1,4,0,1,0,0,1,0,0,1,0
826,-0.129632392386,-0.5090553399,0,0,0,1,0,0,1,0,1,0,0
827,-0.129632392386,0.448863612469,0,0,0,1,0,0,1,0,0,1,0
828,-2.17528985267,0.0720128390029,2,0,0,1,0,1,0,1,0,0,1
829,-0.129632392386,-0.49358813255,0,0,0,1,0,0,1,0,1,0,1
830,2.44638070576,0.903294031198,0,0,1,0,1,0,0,0,0,1,1
831,-1.11457857697,-0.36396906816,0,1,1,0,0,0,1,1,0,0,1
832,-2.18816991816,-0.280914031495,1,1,0,1,0,1,0,0,0,1,1
833,-0.129632392386,-0.503657284535,0,0,0,1,0,0,1,1,0,0,0
834,-0.508457847995,-0.491573528793,0,0,0,1,0,0,1,0,0,1,0
835,-0.887283303604,-0.482954427498,0,0,0,1,0,0,1,0,0,1,0
836,0.703783609954,0.964356632413,1,1,1,0,1,0,0,1,0,0,1
837,-0.659988030238,-0.475945849167,0,0,0,1,0,0,1,0,0,1,0
838,-0.129632392386,-0.487787929794,0,0,0,1,0,0,1,0,0,1,0
839,0.173427972102,0.448863612469,0,0,0,1,0,0,1,0,0,1,1
840,0.93107888332,-0.0692066308995,0,0,0,1,1,0,0,1,0,0,1
841,-0.73575312136,-0.490204680943,0,0,0,1,0,0,1,0,0,1,0
842,-1.03881348585,-0.440419607287,0,0,0,1,0,1,0,0,0,1,0
843,0.021897789858,-0.0440724189566,0,0,1,0,1,0,0,1,0,0,1
844,0.362840699906,-0.518964019608,0,0,0,1,0,0,1,1,0,0,0
845,-0.963048394725,-0.475945849167,0,0,0,1,0,0,1,0,0,1,0
846,0.93107888332,-0.497454934388,0,0,0,1,0,0,1,0,0,1,0
847,-0.129632392386,0.701253635196,2,8,0,1,0,0,1,0,0,1,0
848,0.400723245467,-0.490769234011,0,0,0,1,0,0,1,1,0,0,0
849,-0.129632392386,-0.00540440058295,1,0,0,1,0,1,0,0,0,1,0
850,0.628018518832,1.07931471764,0,1,1,0,1,0,0,1,0,0,1
851,-1.94799457931,-0.0387555664302,2,4,0,1,0,0,1,0,0,1,0
852,3.35556179922,-0.493104782321,0,0,0,1,0,0,1,0,0,1,0
853,-1.5691691237,-0.348664266488,1,1,1,0,0,0,1,1,0,0,0
854,-1.03881348585,0.118333258213,1,0,1,0,1,0,0,0,0,1,1
855,1.08260906556,-0.140742464891,0,1,1,0,0,1,0,0,0,1,0
856,-0.887283303604,-0.462653717851,1,0,1,0,0,0,1,0,0,1,1
857,1.15837415668,2.54410758865,1,1,1,0,1,0,0,0,0,1,1
858,1.61296470342,-0.130108759838,0,0,0,1,1,0,0,0,0,1,1
859,-0.432692756873,-0.271086554626,3,0,1,0,0,0,1,1,0,0,1
860,-0.129632392386,-0.503657284535,0,0,0,1,0,0,1,1,0,0,0
861,0.855313792198,-0.370656701938,0,2,0,1,0,0,1,0,0,1,0
862,-0.659988030238,-0.4210855981,0,1,0,1,0,1,0,0,0,1,0
863,1.38566943005,-0.142111312741,0,0,1,0,1,0,0,0,0,1,1
864,-0.281162574629,0.701253635196,2,8,1,0,0,0,1,0,0,1,0
865,-0.432692756873,-0.392084584319,0,0,0,1,0,1,0,0,0,1,0
866,0.93107888332,-0.392084584319,0,0,1,0,0,1,0,0,0,1,1
867,-0.205397483507,-0.375490204234,0,1,1,0,0,1,0,1,0,0,1
868,0.0976628809798,0.332859557348,0,0,0,1,1,0,0,0,0,1,0
869,-0.129632392386,-0.459753616473,0,0,0,1,0,0,1,0,0,1,0
870,-1.94799457931,-0.428175379269,1,1,0,1,0,0,1,0,0,1,1
871,-0.281162574629,-0.490769234011,0,0,0,1,0,0,1,0,0,1,0
872,1.30990433893,0.372656681858,1,1,1,0,1,0,0,0,0,1,1
873,0.249193063223,-0.546756657814,0,0,0,1,1,0,0,0,0,1,0
874,1.30990433893,-0.469420621067,0,0,0,1,0,0,1,0,0,1,0
875,-0.129632392386,-0.179410483264,0,1,1,0,0,1,0,1,0,0,1
876,-1.11457857697,-0.503738487373,0,0,1,0,0,0,1,1,0,0,1
877,-0.73575312136,-0.453067916097,0,0,0,1,0,0,1,0,0,1,0
878,-0.811518212482,-0.490769234011,0,0,0,1,0,0,1,0,0,1,0
879,-0.129632392386,-0.490769234011,0,0,0,1,0,0,1,0,0,1,0
880,1.99179015902,0.964356632413,1,0,1,0,1,0,0,1,0,0,1
881,-0.356927665751,-0.140742464891,1,0,1,0,0,1,0,0,0,1,1
882,0.249193063223,-0.490769234011,0,0,0,1,0,0,1,0,0,1,0
883,-0.584222939116,-0.440096729333,0,0,1,0,0,0,1,0,0,1,0
884,-0.129632392386,-0.440419607287,0,0,0,1,0,1,0,0,0,1,0
885,-0.356927665751,-0.507121938981,0,0,0,1,0,0,1,0,0,1,0
886,0.703783609954,-0.0803236861819,5,0,1,0,0,0,1,0,1,0,0
887,-0.205397483507,-0.392084584319,0,0,0,1,0,1,0,0,0,1,0
888,-0.811518212482,-0.0634064281434,0,0,1,0,1,0,0,0,0,1,1
889,-0.281162574629,-0.190044188317,2,1,1,0,0,0,1,0,0,1,0
890,-0.281162574629,-0.0634064281434,0,0,0,1,1,0,0,1,0,0,1
891,0.173427972102,-0.49358813255,0,0,0,1,0,0,1,0,1,0,0
